uid,number
XwUFq3uh4dVWZ7GVmriKeFCAbd42,3
qbwMj9LH2CR076Z9x9gghDLU6s73,2
JoqOhGJIFjWgrsuy4HxVDJj8huL2,1
s0OoQ1VHNgchn0wVrT1w0FLjZpj2,2
DEFE8Qc255ZFDJ0tYwl3IFAlPiJ2,1
ExghSD0wKHZiDdPuPndYXVvrNxt2,2
s6DIPUvbQLTE5xF3cV8y50p4QmO2,2
tn2tqseNcETYSoGsXfFYJChVBUy2,2
QbZsBBVd7ncLWfcACiE9OQP91r83,2
pa5NNfVK8PT9Km084ILCHtRP6X63,2
F0017FcLo0NEIpGP2cgzBkHfQnO2,2
ptXixYxP5Aa1pcNukPAfKIRDGcf2,2
KkrGhLdl1IUYM6Fws2V0e1QHM9c2,3
7Urh6wjyjWbZ3PYdvFbl2HJdDuy2,2
JamQro2tlMVza7LcpZBeauaRnhD2,6
5nn0wUnadshWP4Ejm80C9FNlaaE2,4
RfN3QzCCK3b22fML97AgQGqNfuk2,2
p4pzS5tayCM6cS8cutoPNLzcSEb2,2
OO8CO45KGAWu1BknOEdcVozWsnY2,3
HzxmAcDXZRMm0mqMjc7qd8R0u1x2,1
JQpbbkswM0WuVKVop5mUYLf4Si23,6
vhka1NqRRkWci0Bwh9j52GmqkvS2,5
xq32KG5JiDdk25pzcmrj2agi2HC3,2
1EhRrRkUNiO7NXLAXBaCiABV8iG3,2
QFVDBnD9mKS2ggfnpSql8Ix8KYn2,2
ZHUxRwm2pugZUdOCe5AoK22Z70a2,3
L305NBUIzLOKoQKuDQq0xBVNiSd2,2
QhiERqfhfRdMxSNhVmSqnyBKP7C3,2
iFJKxWMxt0NffpiNwPIxPlraq6c2,1
NkQUxJsdgsRP2D1MRkzKJPw7g1C3,2
cQjCpNHffgNHb3vXd5LC8i3Cc4u1,2
H28nePeb42cB3iOSIDIqqUTSc8N2,2
UUfDB7lw4GXPShwraxmaNtfe7Vy1,2
29n7DqRZRtZaFTIIYwBN1wOkvSC3,4
Y97FeZpJabY8EKJvft51HyUIgnr2,3
YpnrwiXfYVYQUecLtzqXQ5ARtDi2,2
tsdg9Umynigw2ChMRnZjRR8xs9F2,3
Gwh0MZajHlZoV9Ajd2PaMcyu5BV2,8
qwOgZ4kkkva0jcRVWhJhUQz6K7D3,1
SZBbQqSEFjVV4eZJH9ShSNkvmuL2,2
Zksy4LbFcOaCnSN46A8VIPaTyLH3,3
SvUCyG3av4ZHAGzirlfQoYZdZjR2,3
p28AwdPTTQRO05UtPvcQ858wCZM2,4
sgWJvwwaGVPXYmhV06fCGLdVo7f1,2
akWafneixSMVkLr5ZLHjO1fAACk1,6
56qST2r8hvM0LA1sQednMkgrIXv1,2
WsAETDaNaZPFZ8Xoz3PYzPDSStI3,4
x3MvSP9x7yT75FVoTlevB9KXtOM2,3
KWMB7fyqeyUKB010mRvxw9uKzm03,1
8T5pEBL2vROCRUHarFXVUozwtNw2,2
991MkiHdW7eW8lLbc7hVorKNST02,4
7XP1Ww4HhFaVVS9NCsNUHH5C5EG3,2
TpwLHxIpEdYEsY1tBqYwosCjJEC3,2
91mntEk55pZzFocknF11tzMgLCS2,2
bwbZe5iw0NVAB36qjGJeniJtZrk1,6
acuNzljEW2agaTzbvHFaAOdFcin1,3
7ZSAYUKihTRC3exSsvrjIP4vwKg1,2
pOEUUkZBraTIhMnF3ulcoJ6k3Tr2,2
aVCU34tRyQPu2AWuUNoqEs8mRTe2,3
pxYtdf30HVQZQrNsXeQV8UeGkVo1,2
Lb2cYlNPRTQwsyGdg0pOV1P7ERf2,1
8Sr8roHGzqQA2LxRhoRPHBo1qxI3,37
29aQozTvzuQ5cTq81ZTJG3Xl8rv2,4
Uf2Ue9gBerPKWO4E9byf4vciP8y2,8
TV33TRvRb8T4zdIPbLQQix4R2I23,3
dGin5JLhjXUCQp5YbGt5mNpygsE2,3
zsDWNjxBTiPbRsoB1wTOsOUeXou2,3
ot8GRFvnQNfIcmMtL7qym8LHU7C3,2
8O5yMR1vLyXzQcO0uFtd8vZCNnR2,1
RCdeJlfhG6OBD4aXtjbEVhzZQMe2,5
DIfHh554ovPUQOLM19zl7GwC0WF2,2
F14PXs6X2XTobgQTcM5VnZegdX82,1
IVRyKh0UiDf4k8JNrrHGo2vZk1w2,1
h30eMJGDzkWJB7q1Psr4rIROeKE3,3
vqZV53aNuYSq56hdIV5J6LR284q1,2
hHRclMysJJet5nNUwrrUz7j9Q8r2,2
8uwHF3Tl1ge3hHSxVrA5jEsQlc93,2
WBeIVP5490hVQNINySzSvI4uW9G2,3
wVKj6MPNpJYwyJfePgcgon6bIB22,4
XJ9X8d3SfsZxJetScDglbMoNK312,3
dyIuZxj34lYo4FKbifRlctn0Mru1,3
9UdnQngqDLOVice4RnuEy70wlE43,2
CyCaQ7grL0fGi6rcy25Ep3dbv9E3,4
FjFo9EbcvcRmUKv7DBfF1dYcrYG3,2
xyt3yOThsMhPKppFmUJGWY0sT5F2,3
Y3ADqDbOy3UVlxu88KA27BhTxJZ2,2
waoPNr4NHEa3J8pM6AphyaUwmWF2,2
WSlAtdL6mkckAjItC7kJwclohfE2,1
ttbcnItjYIO6MKR1bgxbaQnpAVz2,2
87yNjCIq5nO5EKlsf6or82V2Nxl1,1
PwqX23kyxfPkju5RNvL3FZfvZi63,6
ifKyMtPTLJRyDuwxtJhtE8YuCkt2,2
kQ3DJQXsRYZgSK6RIgWu7EaM88g2,7
JYZVmi9bpoTOYs9Zv1ytB7R3MG93,2
BqewLK8eQsWBrDgnNUESEaCNlE22,8
x9tHYqHsMOV8jRmmUbFpP1mwBCp2,4
YvpGUuIWF9TisTrvzFDGX5boAti2,2
15MZaaqiRXcxDEJ9jahlUsvL3hE3,4
rfDmodVSHwdg2Til6INfJg8lSCd2,2
p3Mu4bN4XMQvSAjAGWcJpYhWazg2,2
rF746R649jSKROshqipNlCsL5LQ2,5
Y7JteRFGDTaIRLtBWESkpBxT5s72,1
TXA9r6IQlIZFzwmV7oNQjC9v6GT2,6
HZxpQ300pxS95IoBonSoZtgcsEp2,3
cOQqQy30KiTMZmKNCuyYU6Irnq33,2
f5jZOmd6I6MaZQ9s1Kdsjhgspn42,2
mdrADWJyHAMqEt8SDeyayJsd9Xh2,3
2CJCIYY3TlPgY4xZmVyIJDeVa7g2,2
hBMdtMeK30NIH3A8v3DTURyXeaE3,4
a9rmfwLH5LV0ACEF0rMT6lDVAPp2,2
9OQ6yJwrRsMjZ3pCTXbd05cMad93,2
A8otynyF84TtEBUXOyPQb0g71ps1,5
Nya02e1VeiOZK8eXz2zsz61TAWl2,4
neOatNEojIgiO6LArpa04LufcZG3,3
nD9B2BAyX1ScfiGXHABpvd6UaVI2,7
xPzhHLmls5OcyQd3HZpKFRRZMRl2,5
TZ4bO2tE3oSnoC0MipclzyAtKc23,2
A7kgtXw3MXM0LFD92IAIaULHXi73,5
nSIBbtuawwVKaNx1xMJG8Zpqo8J3,1
st88pmKS7bcv1u5M4BLG8wMAOwD3,2
YLOikkvfQhSxGAFDuEIXPLJIwet1,3
hOMSuH1M8DN4PL8Z7jiPldZ2GaC2,2
XbY4fGchDWacXDgEPw9RU4njBVh2,2
BK2kKN6TlZNp8BRDVYvqZKLoYAy2,3
MJO01A2LhaMfK4jwIqPstc1MdWC3,2
JNGILMxu6nVoc77jTAXR9zVPnaf2,2
5tOxEexz6gbcp0vtulX6AZ7bT4q2,2
yqBlg4opnBYqyf5r8bbS5GPLjJt2,3
TmE718KjmTRaYdQzy36X5ALrZWN2,1
VRzyifS2WrWf8r97H6ZA6Lyg37A3,2
5ceNP3LVmtS51sqYj8e67u99OVx2,2
OmFi6qqYMwaRWWVZqVmaMhTSkbZ2,1
znjInojFDtgx6P07r8YeMSq5FOS2,2
K1HhxZSawrhFEVD7ijKKXr5s9P22,3
8AjlGjBsLbNlB2aJFxutBr9s9zF2,2
zziVqtMOCmZoS5BJwCKgKBocjHp2,2
XGrbOJSVQoMKrXdjDcKoe823l282,2
A2uZBjJdR3a0RNZlRHB43IIWI923,2
JLZx2DQkCSQwHnKkuZX2YiG2kxA3,2
c9Lc61H9bvSFCN2K1rO4pbb8MEO2,2
4joIYqTya2Q8dSFlhI29nylJy462,2
zKjcSkM5p6hR16k0ayl8xjhuezY2,3
rGLYJNkcxtXaKojvQu0YqGCnM9B3,5
MkcS7886YfTsyp44vFkKXLzWYx03,2
u8On6Y4Uz2hWDDfkryr3Em6QeQB3,2
VfLN6PTBLYOBCP6LoWYAjTczsj42,3
SpEjllzOW7hh5FPdJmwcUBx91Tj1,4
ULsqk4qsrdQCUciGk7FbHMPaUwz2,3
rXpxV4FOMVXxqHzlp9LHWcto3Wg1,3
wC67ftoADKTK4w9cPC52CLz7NSG2,3
m8WkdJ1TyuRMRcXfrkrTxzBVH8y2,4
KFDnEO3kcNde8LGz3RqYuW0YOsm2,2
UgG53Y2gV0WKTqJ3GJimlHHznEy1,5
f7rETBHiK0Zth92L3eEGxGHtPmf1,4
GUPAdNjpnwMypAWyTK5Xnx2IYVS2,2
YH3K6BLAdjZy06CeMsuq5QWV1Nl2,1
WDtq8KJ3sbOOKDn1fHxP7cUmzC63,2
MrkfR3D1FwUOT65jIBtQlErBWNk2,3
i8CjPL3r4mXl4lYunsOVofBySAy2,2
jX5lOkscODNnvokPw7HgZxSTIwb2,5
x3JqidCXxMZRtwW3yo3pttlDvlm1,5
uOJ0yYCQjTVxhnOvZAKj4dHNZum2,2
pVZPSSVzqjc1LrEufcv765A8Iy82,2
o0DEdXx5XrUoWpbPvGyA7OgHNzD2,2
n2SbD9HPStXSKS4KhQhDaVKIjHh1,2
T2N3IRMBxrc3OH43Zjy6tCcArRc2,6
oxoch8WGbOYu3p07brzANwrTLJt2,2
tynrSwRGxub33f5hPKz4ysAS1Ot1,2
3WtGiWwPszZPsuv9EA1tkS7TybH2,5
FIwwcvUwiUO191vJMpIVzLElEIo2,5
e8UAG9yn7TSfzBGNL4sxuW1tFYv2,2
IEO4xhqqZLcofY2oFahbqc8fvKE3,3
MlAOxohUAXYsvs92Lqzg7MjhrTt2,2
sVnMrcD0lBVGtXyJpyiDhua2EZx1,6
g7jgoyLvcsVlAlk6hUdIezFSnQp2,3
HK6s1X9NmfRgGmdeUcMhsw8krSV2,6
qMs28NmQG8PzHzDyLPyNqa21iOe2,2
8wljcKTisTe56oIsmRXXx4yq9un1,2
xOS9xsAzdDWIOSqNelXJuBCg4MK2,2
pD5LkNOdPUNgmIAMuwOuD80Y7Nc2,5
V12iY7ZxoLRTNoNWZA19QNwnU7J2,2
ZwD1OU9K7rfjFCFqdUxKxpmqy643,3
38Arc1SFx9VSyd2ZuOQT4wbAOZD2,2
156qfnMfCuf4LTWYmBNC5ahKguv2,6
2QTKkjEI5PeaiuxTOuPt5k4jB3n2,2
TRFgtEbRuOONSMPelNHQBlKQhCv1,2
EZayhS8YmlULI2vQdXPDKOXL7q92,2
VbTkgG0XnZePC2Dd0dZFgAxrqKp1,2
z1KEK3yWm1QpJszq6OhGYdZiWtw2,2
TcgBsRedt7cViclhsJ9ZA6tj0z93,3
60lv3Cw4fjVPfT5zL9SMsLB5pEn2,2
yIMFfsHBY8XPGtwpBHxAET0Xrf12,2
Jok1Vca1VUOcVqZ9WPVNVNnLMSu1,2
Ubira87SaMY2rHNHEdjSH4KTyj72,2
18P9FiHCQoN2BkFOymF1dzggP0J3,2
lQ3jTmBZPcQ3h9gFT77VhEWL2e13,2
USyQU33zeYVWWjwADxdzHYTVNEs1,2
YBlurb5tg3dBfvMaEpbivXD6qoq1,2
Q3FNpUJAg0MctVKSqs4PJAkc2D02,1
0yxL25P9gCUaACVZ26aHKlF6m6U2,6
ZTAqy7ZAW8UydzZUxxsXr91He1U2,2
3ECZ3hiwYeN2sDqCxgERizGp9mh1,2
vSqanDByd0dAc3meY7WoihXaFeQ2,3
2xL2LRInz5TPyPwNmR5XcuXLtZH3,3
2e1sEApRGNWwyGcq3mxv1wQzBgi2,4
zZFof52LcrOzoe68aT6aerK33Bf2,2
G5cpEnRyZQa8nGbNFusmSp9eSd92,6
QcyNFANSpGQZ2WOIz4dloYzq0lF3,2
QBTUxMB6ddfNxZ6ATJ1G6YDP2l33,2
0c9nW4CcwGMBISSRnNtoXUla6433,2
IWUFeQHpkUZzkheCNQDoRDuC7q72,1
mjVaWM0WC9chSDOJsu0BSADuFaY2,2
aL8yz546b4eKNash33JL9f7BLNH3,3
JHUZsPjI1hQeJomiNFm9ydL9SsG2,2
X78ulgveJ8UXNOW8sF1j08fJnYJ2,1
KDfAGtadQAbt7IaoP1k42ddvmRc2,1
1hiRgYEHfgOq5BtrkmvnYagFCnK2,3
6n8WSjCvvdWeUgGmzxDaee6wjfz1,2
q95GxUzlLsQ5xUCx3wRCbP0sfZI2,3
Q67lI8fg6JeAvSn4GayowjsK9j03,5
pzLbyqJCtAg1goXGui9uyVu9zdF2,3
bOpdMZoLHsYLFutUcVW8DGHhDYI2,2
glsMLw13LreYjjCOWZYcZIBpnDN2,2
uBlmB1ZSpfgTsAx5bgl04ZUrtRo1,1
PVgr0KX30uNE9VwfNXHXii7OzFB3,3
p3pb32BEvsdHvIHlDKvUCnSZbsz1,1
88LgyIg1mwapPkuA58FHR2GczlE2,1
eonAY5AQS3cMn6ps6Q4d8DfEEw82,4
8GiIEo1AyOWAdnvn2HMQXnSkunB3,2
OwUIsArXM1S4auhauyFC6BWGAJJ3,2
pnNgCWQYora3VwyVuhlboTLTVH33,1
9wxcUslunKRnkLafdehyRiSaVmv2,3
1Zk9bhgs2Sh7tt7FTdpDs2G7CKS2,2
1TCwKFfjPNRe0Hy3xgnNzloBUVJ3,3
y5XAE78I56br9LhJbYwSCPQQsXP2,2
46ncAqlboeOw2e3HlXR2pKEoytv1,2
ogpXMFCAAqenpTNNraoI18I06a23,1
qpHGjpZxIbQTAgQGobVBeMjoP1I2,4
SNxtHLslKQhJ1qFuwOxXpKcFJVV2,1
V6fPNTrsnkMBLLxNMbcl9OatJtw2,2
FEnAM1ugeBbx8z74NU7HXNRwHSj1,2
FBvIoimE80MKswCfdF2V4mSLxmr1,3
DzhMjYmLuZTAYlBjZOe0CBzZrga2,1
Lj01AVxSP2PXepzGPokel88IGe33,2
RnXnpJgg2RWozUrZRW4bbcvK3cw2,2
UskO74b29wXWjXwKhoCGgEoZ3FW2,2
1RAxEzsYTfVnMrTRq2cb4BYhTLQ2,2
4z35AuXlqicvgfEstbUtjwAcqKN2,4
5gFyYoQ8z9dATk1u2nALkxtuOoz1,1
OwDoAAtAXmdKWYzAHOFUqhSrz4k2,2
HpY5YEwq7Hf51kJr10s8q34wuNe2,25
m0Gh9WVKS7PuBGOMqeC91menEXw2,1
yIqJQJQDVxWfr0P9l6FcW1JzO2N2,6
j4gHgnVovCczFzJOYV5PpwaxBq22,2
wpAmltox3dfbd59d3dkJshIHuKC2,2
RcdnV9xVxSTG7gZESb043SsaHYy1,2
Z86SikKfg3TMpAhTKbFP3fZUUUH2,1
WbfBqWVD7xMBwqrd1tnTZLKKVJJ2,2
O5XLSfmcKYYSI8QxezVmy9fn1hI3,3
b6OH4bW0cnSV6uOph5CUJwvOguB3,2
UvXNC5oFASVdKYvFdiPWWWVNC0a2,2
xIpLVEk4lQP2ESdLhus7k9InZV33,2
C0ZUYdrE6VXGcSqlzWn2cJfkSs13,2
YOupkduTnsM20BvfiwtIBn1bXl62,2
spOQ55QuzRVoEQRu2k7eFHiMS2s2,3
1IaqfQ9P0Wd2SAav2TwDwiwOOVJ2,1
wLRDu9ygiQaMKhxWjWV3H3t34322,2
K3sWPKoDTSOvFkjGbUIgz7FNCjZ2,2
Zve5NxdJ12fRMysRrCpwVhV6hmx2,1
5hKIK1WymMRfri5lS4jRmHhxmXG2,2
2xmguVgeZETAMiivxCYXRqCY1Kg2,2
Bi6LcpsD3MgdJMA3AuqcncVE1kf1,2
IYoElqwZA1YQoshEOTHqlArbieH2,4
md9z2ejGaSZukGhxJPifWZW3Ixq2,3
snBsF9H55LhGKSN3pfPYfxmmgv93,2
a1ueYpsui3edpGBhIkqNErk12fi2,2
iGeScGhoXVXYR3hTQjTx1G9DRe13,2
AriZnjo0f0hzV5cGUBGHnm7Te3h2,2
t7IybWCWmlWJ4AEC159wxk69aXJ3,1
JXyyeeRb6HbEyHMjUwFIJ9FIJxl2,3
0S471GtLdtT9eQ0Px0pRpBRqLym2,2
TO63P6kCD3QtzJNUaQFxBnfQPdr2,2
YhoGb4aooPPNR7VYnXj0T0JHZb32,2
O9y6WL8w3RSnOoyZFJgtYPEh1rr1,2
fmcYkwTSPqML4JmqSD0vKAmXr4z2,1
vrhRuwliK3b43Q9oYN2sjx5zgiG2,2
h5RBFRQNYtburkAzDP4WsfxQf352,1
TLbCVgh7WRfRqD0KGcgNhlrbGVl1,3
gozCn1nbOzNFK0n5knNeiS0KK0s2,2
NAFWYU4P7TN7JBp16S81kaF9S113,2
htagkTjkv6Sb07zjaJE3eyHVohH3,2
FmwRDSoZpVMRz4WiT4WqNHSxcgq2,2
sxbo9aYaLUgMYrM5EGjiHwuxPhs1,5
DrSs4EXpySOf7fsfpd9YpcICerJ3,6
1PEUaIU4scSODGj2b6dH91KagAG2,2
aoxXSSt19FMBKExeiJHO1apcjHG3,2
xcu2zssdBjMbQkvYcWIPzzca5mj1,1
4t8RmwTawWRslA9GSwdRSE8V2lb2,3
LMmeq9PRoBOwl4HsZGpBYydxoQn1,3
AodooT55alchRolTzKvTlTUsDSo2,2
aNw7guXINbVs5nwcHQPxQEPlmkQ2,1
ZjLES4zk5DTIGmGjQmH0CfMrac92,1
gISUL4fV5rNPTzJcuWRvPLMeRz43,1
IsXkVT5n9rX7YDrUQGwIiEvEED42,7
KvTjS1vZi8OKEgpoFUSaITPXqoZ2,2
YkKy7P9gdsYfIrJocu4tyKFlfrc2,2
Y1HuMJSYPjNSXfd45FrwFsTeIF02,2
eoykEZzRFKchp6CjLvRo8EvvcBZ2,5
DAsQLlgXFHhCRWxN7RVa7dMYZZY2,2
WNAH3eeVFQfNWnllQ7hwB3zi8kA2,2
DOSYiHnxfgVDlRwhQsmZ5sUHKGX2,6
U6ZVak2C5jTFqrjh8usNbQ18xi42,2
lpdrwhzu5kPA529XCI4ERoqKO8y1,7
eu4H0Pmvf2guOcwwu857VT5KOBP2,1
n7GetmYN1FgGw6UM2oTuydYJnQ72,4
LAYMV1BhSLfxn38vtXIMmFy6H4b2,3
5ZcUaEBcQOTfDN7NA6XJFo9laox1,2
nZnspIlwyPTQU2TSIAdzgPoZRZf1,2
6B5arBDkOBQHxMPlCwlmwoB5bwN2,2
Sy58Zyso5uei9FsBaueZ9soIvSl1,2
TpVJR5ryoiNWWitgqtrIjhiNXEZ2,2
D51MaM6izubtIZcMWaUQkXO0j893,2
nzXPH0GHeed7f819sIe6pxMjieh2,2
ASrxymXAowf9T5riBRhBzTUFiqh1,2
M3yGhChgBMg4XEcfCrKKkNHJJAA3,4
8VjSJ2yWjkhBj4p6YPiTmcJKfdI2,31
ztsRo8bgs1as0xhSpAtREH0p6Cj2,9
vQukXkyyJyXhFj57CfU2p7GcMnf2,3
8wGoxAZ7ssZhambgUJnIxuEFLem2,3
lbbTU5KEw8PCzg6EwVEorIzC9N23,2
ROB0SLakNwPbPvJyEtZ0IqLjkZP2,1
vbv9Hxvp5cQpRTNpwviAeYmzasj2,2
orOXvhheSlhQ44c4QkK65ooJ0jG2,2
VLQB4swoqmROmtPoOuTNmocQx8i1,6
KK39twik3kYq0OCxCInCNeOQeHy1,9
i0sh1kESQPh8tVPNKUvrMSOtHOq2,2
QUxSw7w8V7VaKphpQdW0g9gp4Vx1,2
QQ4hS0qPGhbfVD7Hbny25TtamVV2,3
ca8JFMntZkUR7yx7OVxPkIofNxG3,3
qlrFmATOcbXjZdyir0DPBe3aHE52,2
boJyBgPvqmh5KBv9h0rv5QFXlgw2,2
K9l0FF73BOcYhprHIIqEK6sGXH43,1
ti44YviaQbOcM9Je0NlZqy6YdRn1,1
JvblR0qRWWgGaTgGNsj3v8iOxk53,2
tIN001MnA5TCgGqa9OhtIFBdMOR2,7
Ksv8mRQ5zbOfgJR4ZO1edGwrnAf2,3
wO3whnkFYXdMyVaw501V7J8oErn2,2
RUbpFPn9Hpbg1aJIN15cH5AQcIk2,2
o20JGrQc3AUdEKvJLMDkgT0isId2,3
jKY6q5v06LSnqcO4f4qmkhXGJQO2,3
trqkuxCyHwRzx6LLmZM3RGiNToL2,1
R3e6TYdzSdQzVUjCm5hS2dIHKAd2,4
XioRVpqpHWXxMnGQ2n0Ln0Zx7E53,2
06XSEq4NaRV718K1k4g8xLcTDeg1,2
iwu667DhYjPSxKnwVmBLwqj0WP32,2
k2ROtss0gXZqa15ni8oZeWSYH0i2,4
LthHAv6vY4aFBpgbLU8MQcsaN5O2,3
VtTcNBhiZdXtlkNaTgxKNZLt5F93,3
YCt49Gutq6WzuOOhqV3ubPWRFz22,2
q1qSfwmkG8P7GNW9ZCCgpdhzLtu1,2
SNH7lA2KKhW74Q1CoXIZvg79Bto1,13
XFANWzcxKNeHMMBBSSWz13hW6Zv2,2
6edoQrBLQHVckoH0SABPuG8NB3J3,6
qwi2U3mtsuV8keGOqDX1wfMnxqV2,4
y5eCY92nOWUQ21SYplOJLvtapO92,5
9Io7Ml3rejWXU826BbLPTUDTLvP2,3
mt0ESG2pEBgWTbhhWo4cx4y1RvF3,2
h1R2UwVbV6XQsJS6iDhc3GXAxW13,2
WUOFFipqknQ20DYK9pbaRnWIQp12,1
XnCy4tGrIPQxC0n8OJcavZIW9872,2
RchwUQKPdDQoan8jL0ARyZsxQLz2,3
6RwAoA5I98SO5GMAcWPZqtrSvro1,2
TPalmBwfIuMqSRsGWG892qiURKC2,3
67H5DNNFjrdkQkXhOVPaaLcOYDB2,4
25eVo3C2zVPhFrc6DHyQIMPn9wr1,3
zMnRzrq7qCUv2Qe67X0gGFUN7L02,2
JMcq2ZuMXxVO9CzhbcxiStMH40b2,4
pbXD0huk96cmnXEWe1jckxzn4ZH3,3
ko2AertJeUQcxKzyHE9HPrkawTq2,2
brdDATdLiheyK8ZLnO4NebbeL1B3,2
N9K8raysfkTTIZocIYpLdX2yZl02,13
4OiqGELtJqQLG2DfnmOtI6OpJ3B2,7
0VpHeSlybIhzbXNh9YswZ1QeXS42,4
UGX0hmoxSlhajw11VAa5hGaHNDx1,2
zFnBXCSnMZe91Du7LsJWk2Timpq2,1
P4ASTsw9PAP32u9UuWceNY1FNR92,2
YswibClY3ZO0TQYza1fAOOxGpbA2,2
Z6MQxFTgQDY5WrGKU5K0iVYCge13,3
DRIOCDiQ6cXNjsF6IfRKfUxZgTH3,1
eZpmzFGNC5RfP5OYOvVqjU3Y5ex2,9
J4Dj1GcabwTzolkY3Rx2qF8vAqZ2,2
QCL1P8jk5ugoJlWyhEls1hm5kBq2,2
yI1uOR5fqCfpXERRvS8g9qBCEQu1,2
8jxAmPzGdhQkMbt85BpYZXhzVrC3,2
HBwNssmsnYUB6tEdEiT0jo40EAL2,2
s2HzaEEgmtP1syD8zfLeEHnhZMV2,6
zWLsxK5hBdUT1O3lEusCFoHG9UC3,3
I4P30dCm0CV6nv6MJTPBUvRVCKH3,9
tFGI64LVsod2IRilmg2ZqSZwlPa2,2
4FuftHDpWlON03QUiMdHTOTthp32,2
nNOiUuU0HyOL4wb0hpxxwbb1LAP2,2
32uZUgtrKMQlz5X3UacaLzWkkoT2,2
DRSxvLTebLen6KUBlMfPizmFrEq2,2
h9WdzfVaHAQVWgntyLAJylPC9Gz1,3
RwYakiyIZWct20fG2cmyROSKJ8d2,9
xYoSzetXX0aIKroiALs3afRNTt42,2
DHUFC6cTOaXZWHvIrQA9OS7Pvao2,1
n2yPXctRCvQv6fV8mgn9xIcaglz1,2
yASjPAtmWIY96ERdLQi36QunV8d2,4
aKM1JwACt5fscZOKqTCRo06MeBl2,2
ZxChTlqggbRBAxDM0ihYqUZ9dV92,3
kNuB6hVOZJTFElCesGk9Ik7kOW22,2
E1092D9xo9Poiwt2Wr3M30SaeIJ2,4
8Sd66WkAijN0fYyEiO2TFo4M9N23,3
arVMICRtphaszPKOevHNnjujUha2,2
BRRukDsEKPdlh7jjRHINrTgF8ad2,2
MbNEgL1KK5cdmpfeAs07z5X0S9b2,2
ekwJPxUPaqTslF6OErIx2IbmFQr1,3
0AHxHewUOIXywFte8MepU23uBY52,3
j9bMLDo7TRh7v0qvyZEPkA0cyTp1,2
v28S3Jr6mDZFb9XWMWBaSsJ9KJ12,2
Gc8IEcMk4aUZbgM3CFY4c0rZDDw1,2
Dp4rXX0TXgXzHVMJKX0HuPEFk063,2
8EVCCxZMgvP9kyier8oYzJaRNta2,1
cxMEQXJMuQgCJFnisqDBbMDipSz1,5
eXQ1iiPK9wdLGy4qZPLg6gug9bu2,18
99v81WPzH1Pp9v1VL5M9OBbLsiy2,1
rNVpU1WPqvhLHMA7lNiGBdOJxd12,2
OGfgC0EHdWU53jt8hn9lMz8JL7K2,3
FnHVOldf9OZ8MmB7SCNvLCKZ2513,2
QUzcGqbKUfW9AFjNF8gPvB0MR3j1,3
hjDj5at2GGUkOLT4CYBQHndCu2w1,2
k5JvB0jxHkeEjFwibkqBDVC1jEc2,3
hmv7Q6kDYXNMKt5uPsYRUkDLOXg1,5
xYGtpewahuYlS30RZbrzHuzgSBH3,2
C7wvpcYSmQUUGaxBz1U8wyf5cC12,8
6MDJFTeME4cVZjGhSso4nATv7bV2,22
lZ0fwEHBoQMt18IZnQkOOoT1jR63,6
RKd1D2PkOvanyW4Xqbk2M5iJO9j2,1
eKWTa8JG8ZaHezH2Ce21BCxRVYL2,4
0wwwaFwX2BWJTeST6bKXGIucj0y2,2
2S3vE3rZSBYw5JLnW8TUCrguzPH2,2
KNLwKmc9KCVbPqsQLrMGhmr9zMg2,2
F2fj0IGfYhZX3djNI3Dz1JQol6M2,3
AzY4NJ9I87YNPGF46rYP7bA7T5v2,2
MQLAn6LBvtPQNYTNil3XCJrUBhY2,2
hN5mHEQA2SaGdH1BdX0SlARf0sG3,2
dyCiEA21GtZpUj8hVOp8i3wluTj1,7
vQDjyt5MgHQnj2jxr8uAzGRe7F83,3
7BGRRgwsnyVLiUzh68QVXasSohN2,4
mhGSCgcxM8Sg36slGVmsDn7c3Ba2,2
4cO8Ah1FPaau1SzyYW2BME6ZrAw2,2
gmIfKpwAiqU3QnFkrSxUazahmsD3,2
kGDibkLXq8TXIExntozjQaLpfLc2,2
n15Xw9pxZFbZsVT7Zt4PQizorCJ2,3
F9zf5Y4qDuMA5WqCliCunCLXjEI2,4
JP5t3jDCeYUzl8hMcuRdJ5keIaD3,5
3gagHnaH3bgdRvg9tz9I7jL0qYq1,7
jgd8utNM88Q6Fr2G3JaQbbtfPJO2,3
tge9vlKu27eKr9FnZFercTgZjsS2,2
VrDJzs3Xl2UNl9xgETzjRp9NpFN2,3
fvEy43bwWFYm1FG8dCE8kQNwPYv1,2
z7QoZq7wwVQi1FbMxb6DEPxPVOt1,1
lc0gmlABYfXhazzOsY2g8HuG9dP2,3
LHMX6QFYRkXGgSxZhCoyo0EWqBl1,2
8d5Gg2Pvxcd3ZZw5C0gWIADanWE3,6
ltJOYqHzJMWFNl8LVLtzjliDkIu2,2
bg9Pr8wWLbRoOg6zBQUKBK0WukS2,2
2vLVLNjIwCUXYrfMeHWFFdPJUhx1,2
lWF0zzosP8OlqyjcAdEDbc87gtm2,2
Rpxh1kMVBDh35RsHRXpiNXlrJM72,6
LgKEbyegnuORGtkTAKFBd4Rg4AH3,2
46JRah8JCPbpxFcQM9kQGuLo1Ko2,3
QUv4waQ0YESoZRTff07JAOL4Bnl1,5
VHC6Xw6KuFTZRxKCf8AJCNeTUxj2,2
zrbRZyIl10YjzsM9YrrEpR6AJAf1,2
hpMjQbT0JqYW5iO4RT5JAipW8rp1,2
dJrbsKTXiYdjRWNu3XKkHcq2qBY2,2
9mlNl4D1boZZcP2z1uZFKKsB0Ma2,3
JTK3t47hRtYKAYus5fnnVuZrUb32,3
9ksw3g6lmkN3v8QdPQRNAnkCxBz2,10
zaGZNzhhe1TrDmuRJmBR8zTiqmU2,3
CjUlJr7gixNwgTLsimir8JXmhdt2,1
WTpUpTGyXmaOirQkg7azKeewT2e2,2
CdAlYdxCIFSFdZtSuhthRF62rNc2,2
2O6oVCzbBdVc3SVUN7csMA7s0DG3,3
XYZmy9U44jb56oX4uDv2ejwhJoG3,1
LsX2Y7Ioy4Tehb86hPf484rfwtP2,2
bOJDz7HNZfc4fQAAMI6cDm7QQLy2,4
W0LnRR8EfGRptKlGkwtTwKCYqDI3,6
2rn9aYHk83VnG0alnpHIJwpLimj1,3
ISqJZi32lOhux3fVTQlUl0TB2pE2,3
jbAUXMu5ozMHU9absTu2LNevI0i1,1
F3nkRhUv0NY3ktdMwsLMpBKPYoo2,3
K4dBr5ApwrOB1YLowjhuCdbjiX23,3
030TpsiDKxaYHHCqfcZVgT46xSS2,2
sUcpulL3B0hzCq3ClBBkqAWqwlv1,7
V9Fvg9GTdiXJQuZHvJTJHdJs0AX2,5
kNJtIXxBTLOyWJxknOVWCmaNErG2,2
3L0wIASj4tSXNO25NqtvF6vqyWy1,2
ehDAoIdP5iVBJ1R7Mrwj9EHH6Yh2,4
UinL5kMrMAYIezZsmhYxE1FxNdW2,34
Y0AdFaKgEbQIJQTotyijLV1GU8G3,2
2meEBUCuZoetgIWLitEuX0RpDo73,2
RlN7HC6hokU6j7cbosXvgX6NjuI2,2
8SQd6LJw8oYNv0QAD7rBJZKLQ8P2,2
5JgAJIeW3maieVesRvUlED0yCm43,4
GjymHmPcBeRBlJ3dJ7mI5Gp7AJe2,2
HVFsZ1wvyBcZ7yRu6DCmXaRy8RB2,3
8yUjg0NEeRYL4iGoWC8gkXYl9Tr2,4
0XqcAh163kM0SVVnusBjRpT65wu2,2
AsL1dVrArLeHy9pu0QhvVe6NJVj2,2
QvQYBqIlnZVbbZdjtGYERDN8jZI2,2
UP1LuB9j8GgSzoKtCD8Igohqqxa2,3
6Z6eTn71oxOdSZffOuNvoT40yeu2,3
Un75YDEocVUHCR7IZleNKzeqVvn2,1
DGLf6w7D08ZCx6UsqEvwdiwCNdA3,2
PsRJzcrzdaQac73OPBHbvEF41En1,2
RSd9jSxbJ7cS99zLR5ifgArHQLs1,2
GzzoTYYw1jWaDnW7y8X63D16mTf2,2
mJjpCTeRcmPiPli20kAr2NRzyTk1,2
SZTsVpTtEPheZvRLzMiDH7G2SbH2,2
5j2sCwQVT9X3YVvYYOTaAwFAzIi1,2
JlT0eWg1QSRspcTMeAwOXuavtQ32,2
OWFbcj6bTQatMVyXADzpviKw3d32,2
4XCATBvP2PQuGxZ8bI9xQodRjgE3,2
PCGedrUpRgeKU2ltVtz36uB5m9a2,8
1snnz3QoumVeIbclkz6fpNv3UqF3,1
ZmpvVGTRo3SC3KULAF1yqbywS3B3,2
cbX7WDfQZeg5YkXXA8aIJRpSBAx2,1
KZDmqvWk0TRRSNGRgSP25n0blEj2,2
CnrnxuIh4EMS9n2EzhJthtkuAqz2,2
a3HvFfYJjFb75XdHx2KSpUv0T4C2,2
uLJpOLMDQkaiHuovnjCpMVj0uKm2,1
tFuWZOvyrGO8qAR8j7bEeFS9i2G3,1
vvPY4sbD7NTnQbBLwAlJFbfEhR62,8
5wLKyXw0DtcelM5Pu5FnyStpP1P2,2
TvcaKlC3syW0MiTJOpcKbFwAjnJ2,3
KbwVMb66axMW24yBUNGbIEOkb9o1,2
tqbYr4hWRha5tjqLdgGHg2oZ39O2,4
IlMdK9Cw1iTAWY9j1bWhWl7DB8y1,3
GhlrUATnTEgA2N7F34ez1Fv5aMj2,2
YFOh3u9AJ5SS7Ue1ajIeAbtBTxB3,2
yYD4PNwrtZQYNKvOtCNsCpy0IQ32,12
dm6mWCVYozcEICSTp0hb3q3dIhP2,3
Ef6AnNL22ih1Qrq4kAWslOOy5aq1,3
vw6oAWQMMdV4QkVD41Olo4BapqO2,9
SGxSNJfQ1lMvrJmcSO9xW2swumk1,2
uRq8jbKQQsgqEIXsER7ndwFD8qr2,1
o3lgKUtMHaStW7Iva8HP4v2XfIo2,3
bKckTBSN4NW1jgpXWudCy5pvWZ42,3
baEFjcagr2TUbpP4mlpCpuCOP5h1,2
BN4xuKgmqMVgOJ2ud9V4bjHQ2Hi1,2
3lrUDkDLnJNlgibTYZ8F77odo3I3,2
ikece16JOoTG0WKKnF63g4Eo4ch1,5
aZTcpxKGlEeoXjgyL8KMULYybE52,3
FZ4V78lnfgdJH1My86QldEH5KMR2,4
nLR08SqHo0cDxqXpzy3KNTUH6zb2,3
WRfjMuSqEcfEVWebGUiUFKP00eo2,2
9Zx8WnYDXkTPjIeXZtadMsMzr893,2
H2OwkEDcHsPcsWjERTvMHtsdxsJ2,3
jKXR5cbZeabWwZUMFRNwMC3pkIO2,1
q7OfWiDZzERbZun11lpKN1wpLxo2,2
YWOvYoHBTnVF0hRhvR3c1A15jN53,2
Ns8R33rFngUYDBGP9BjMxmRMswx2,4
3t90O6sa9WPjL7mMFqT7PbXQkdi1,3
FaBnGB9vRLMlFHtjdZz90FoweBk2,3
IHk8P1rhvBVTpeMMXQjoaR5xC5G2,4
mW1x5t5liWV57VyU4IoyNB7MbfV2,2
J7n6lGnJyRRHYXQCN9mFWdoynvd2,2
MbZi5phD5SaQEvCU8q7aa3PWR683,4
bAgMdD0MXpX7lqyssAv6esQPOZg1,2
1fveZYEAxaP5mOZggvkBOTkueL63,2
ec0PjiriUpWZVXelCpzuhgWdCcX2,3
Xb6TrlLHelcaiX7rZGN2hl7Lq932,3
PYlGN7dF5iPFzaLv1rDTuGl9Dur2,2
57JF1YnS73gVOLhmiC0mApV0d5q2,2
EqmxTexX0qY4ldTcN2rbxsU5s932,2
yUP1GAfao8WN4SV2BtK6nOYEApp2,2
1E0ugu1azHXxh24LaiNp3P6DRxB3,4
Fi7yaOMNHkU41Zcmn5q3ewW69fU2,2
rHVpeaaX7iPeYrx2uJcKuqvvmJr2,2
4QTa3raHG1YY8xRC4RXq1thO0242,4
TwzUTxiNBTYVjWem3ANBc9UuIBw2,2
rPVppoYDRRPHyyqKxrGRWH54za42,3
kaNwDr3xd3fQkkozA1DUpSFyU792,3
G3HwzWV1hPaejgwcE6oWtiLMJ2k1,1
PqL3cbt1nPbNqN75zfG3aYVI1mx2,5
eaIX9oo1rVeHa27tDNIVKKTXDIG3,3
9LXSTauWEMhBMsHsvP1Pxy7830n2,1
rluOx5JKC5gK1oN3rwz76sX4QpB3,2
loHbcVgPXfShqzHFbkIDT7CaAOl1,3
vmIYLEHGlIMei8DZOFwdy54uf3A2,1
PeQsqpRnDXfzHotjpYlsEY28vnj2,2
Zr0lLKzHRrdIMwwfbT2GhYiUGBV2,4
ophw1boT8YMim6diOjyvOMAj6GY2,23
nZ19IXf47iTiGczif41wM7jPv9J3,3
3w4WBkKuWhUWLDHS0iVJtA6UTFO2,42
qIZywirfVbMXtiSQ1cAsUcAPvKm2,2
Ai3wwDWgadabRNklW1jvqeDilFJ3,2
ruowdlvHhrZF7MDpNzQPfdFkHrC2,4
4VIxnOU8PjdnU8Cwu6peyYc2tCk1,2
N8ySPHZ8UCSXT2ckipYwuqn89oH3,1
AYhhuU68tjec2kYxZ1VjJIDGZ1i2,2
JAEQTbMYjiPUeSkTDr5FormhgMo1,2
rKSo1v8YWFb2GUMZdQtaxjvJAHB2,2
kW4HUDX2R7fupWoT6vXaxqOwcqv2,2
gN3VY2niNWV02WN4YbMCWXS6RWG3,1
m5l6ax0KrPWKKsuj4zUKjYrbuYh2,3
eIvacESiI9f0D7urD7WeCFx4iqq1,2
H041RWLs6Vc21bAxf1hOPB8nADN2,3
q4aSK7GkDNbFn7waS5TugJRkdkh2,2
zTut3tFMecdzyGmCDe1LpKLGhM83,2
dhA0p8LlYgcANi5hQusBSHEee7d2,5
OiPYOwCkQ7fYj045nxYB4q2l3H53,2
Ss6dIeEsQjhvvQ6Hksg1GarEWjo2,2
qKLXV9YrlcXaS0qNFKlj1zDru5o1,3
Q5rn8S0ShcYza3WAZivge0Ku35m1,4
P9rWqfMt7RSTIqalhNk5ZxW7O0P2,3
S2VIIRJz93W4io3c12JBofi45M73,1
D01ReBL6kBZ49dNkeo0tNDzEUZe2,1
87PB3VRmX0RPWDrhT1P1nFpK7l43,2
CJNBT0Eta6ZG8T4Mvxfh04jwg6r1,2
PWywkPcCDscL2Nq0BUgamqLanuP2,2
1646lwVidwda9iGowSv4jRyJVR33,3
fwKD0RkMK4a33VnLmgKqXjeZlEk2,2
s6og3MDWEgXKoAfPraXcqmtX8eB2,4
cyTmWtcZEPgdgHRV7w2Gdxf8fvZ2,1
V4kfbFyEUgYkButobDXZOaCy0VJ3,5
xup7SFIJxcXR92pA3daVjrGOfgp2,2
EqZ78KTDSYQqBPOwMElWSIJvjj63,3
PXglL4LjkUbUlWa3aLo2YJPUqb92,1
LEOkNtDZPbR6VvKWwwhN0wlS5P93,1
mc0hk3mWAHYLPKYqJlNVOdyUHSO2,3
OTTWEDaq9zRTC4AXPiJvQUKPJvG2,2
gotv4nzjCsTVbxcJ3s3bLHHZuKi2,2
VIIOU3Y5rmdr7nQ0waUOIRTHPQ62,2
OjK5vzaCduamtStep3tyH8Zgrkp2,1
JnDBd41ttiYputC0xbj0SrXayYb2,2
WItxnhdA9oeyXGFZUFjumJ2ntc63,3
K00QdVEbPxVwSSyPZ7NQ7oSej0M2,2
pTO0iidmwsdROv25Wrc0jUsXQ3C3,9
OgY5e9v5QXMFvCEx9mbOOThrkTJ3,1
D2RhYWgSGvYn0p13BaBzlgjX6By2,2
s2Y0DcGDLeNCoPiI5gz8IidlFzH2,2
MthptzXkXCPJuyJV30lvgxiHS683,2
dvMupXl0kGgRaozDxtl35lfPmjl2,1
NX6sJ1lj8tYb2wECyzGqUcLDfTa2,1
kcFlCSFGhpY1ipA0flMwWLbDd9B2,2
FckjkhRGFwUkv1TfhK5MuaOyKZD3,2
OYYGe4hbayM8BgUx6C1z1ZJvsPi1,2
uwRbPsdtkQM7QOfJ4kzyPb5HnDN2,2
uQRknApthLYOXkaFE4Jlq0AZjMU2,3
piqZ1yMhoaQUg87JLx6ORG30Nfd2,7
ANmUe3GLyuPU1u32JrCNnydxwoy2,2
LyO2I0qNhrYLx7hp94FkmktyY9h2,3
so0J3I7jwSPDi1dSL6XqPotj6LG3,3
NGasJoPjI7ZlvKqItTlBftOhndB2,2
rWOvIZZn6PZvY7YNH9muIZ7Scr22,11
rDrExElOGBOn8Af9InMTTI5m1qn1,2
o9IkxBtk5OUGeAXYPbc73ON66V92,4
ks2TReHWNZSAPlladPP0A8xdzYk1,7
BdMIOht5QyOpkjM2zVAqYNDstsN2,2
WYnod8zJF4WCPfBrGooYEa7JOej1,3
SZvm8h3cHUPozAsHXThtMAfoQeC3,1
v9FOF6yTV5VcAjCUcYauf953WPt1,8
IMsTcN4QJ3c4SFT8bz8dFV7PQqr1,3
lLHJiPBKXoTyijVwzdZDOk35PSG2,3
7PTZPFnpnYXfyk8bSmfYGn2z5P12,2
RuwQV6ko0IQmy7kN3mERPEkxTdP2,2
vZ0ye3ADYEZLWbL93cqz4vxXJRy1,1
uyCqzZ0b6oMo8VrGpuJJyZOzslL2,7
TayN5RuoJVPL16Zn6399exasSGn1,3
rAsw1sgVZkdON0BouZSMDc0Ym5r2,5
ABM2bdvPYcOsvTY5RFSBaGBF0oe2,2
GMWEzLwWswW2CG6Bnljl5e0M9Pd2,5
zJwFCGmUVqc1DT1x5lCT3R4odTB3,3
hNRlUKp0nHNsHE3ePJDvWBzzfDm1,3
Rw6dGuq8aOfvF4EgoKSZKfrIMuz1,1
9Fv2tJ7LpZU3lE38m9s7vYlrVOI3,7
QPDAup6kguSaA5V14N7LqGtd5Kr1,2
DSsDdFKuvXRPC6ieNxXejCVvTT52,3
mSbuHZxCXNdHKNUhs3j9YI9lgF43,2
RrhCMta75vUJTFjNDIwFQLTvZlU2,1
r8ddBFj8Y5ZwXKwk2qqlay6u3S22,2
ewMfYghQS1Mt79c6dnWkPUOtrSF3,2
0JfQA6P4ANbItc7C39imJSbJcWc2,3
8O07IwBkN0PR6wLl2Vek8Mj7VvH2,8
gNLKf8batKQmGpURu7oUc6sFbhJ2,3
woXLexqoMwUqoEZL09OxiNcMQZD2,1
AdivXDOln6d3E10F5mBBmWIcN092,2
K5yndC30frehM6JXRC3kksrSOn63,2
lWSN1nPMVMPZsNxD1B3DJKrdU6o1,3
YObRSV6L30gB28GNYuT2YOVYcZJ3,1
KYg8EkYijvWeeiJDaTj5deUTxSJ3,1
hJMVlrUlfCgfu7mZtxceMnylUjH3,6
5G1u9TmHTdP6lj38l4sgwTLD2Vq1,1
kKirz093r8Px1Mix9NOV8rVmuhi2,1
5xOaa3OmdRPxEGOKGXW7Ku6prXK2,4
JR1qcHcBWdh8MHPCFEQinLHcrls2,6
QzqVA7SLaQTb8wEVwWl7X6RiIBT2,4
hOoojw1wbzXZFKsGASFebGwjBvD3,3
0tmCMQj5iRfgeCzqFYs7i1OuKI83,1
2fweC3q7CQhfkIXW5fAOsVOAIGT2,2
KwuO0xllkJaxvzwtzDDjcAwzYnk1,2
OwCbCO1Z5eOir9ewGx4bedXZ1y93,4
bpq283qtUvMCX1TvekVrqgg1IT32,3
Tcrj343O9zZVdlqoHUgAiU47cw23,2
4no8YHdXOdfdU6rkpieJ3vVRBSJ3,3
5rao3QCdxJgKTXhElUZ7TUrmHDm1,2
onPPsyXHtqMoDa64KXG9eMB4kev1,3
hZm0e4WydIeq7pyd6PJmqpikfVs1,2
LFPWuXVqmTcW1md8xwYRrS5x17C3,2
VJQ6BAo2lfRm6Du982tWHZxnYtp1,1
70tWkAJSppZR20rd9rWgpm9WtKH3,2
qDjJfNeCTcfTrDpOxYsZ7FU7X362,6
6fMdD6qYHPQimUHhY42Ex6IkA7F3,7
1ORqt0ErnEPaVMEJnPRbXUcJKwu2,3
IAzn7qNWyxNU6cuJhHOWIK0OOMG2,2
3jgUxhh5jPekt9GZDnr58WtohC93,2
HkxNiLu1K3UQwAXBrcp3OXxcWaj2,3
a22gdRhK5DXdU4sGsm7MLhYEEAz2,2
n3nRskgg8fRH5UnUcyVDycdSqPp2,1
D0pJQ51aSWO2edYzNi6BK7FE9lu1,3
jmypwVnYoBheKBKvZumngmUuJd82,3
fmnohGfIs4SkDSlRJbwNZiRnFiE3,2
Z2U9CSvepKN0kXeKoHxuwr312e72,4
hi2Wfuo9zidEBMCs58OxYErsvOm1,5
OtmZAldEUgZBLJHAXpLTxlecQpE2,3
h22OJEshRWPv3SKmJ8w2XskD6P63,2
dcuvf20KAiSD4ELawNGX8oCHDZd2,1
qW7CRumKvQOs5Xh5ufdCKwIhqNf2,4
yfoLPCCMGqdXijxUpbYTD8XuWXA2,2
9YCGDr9GcxP0VhXP23Jb2dw9ShA2,4
pY1UCoyJW4cVRfW9OXLfe1l7CRB2,2
I9vi31ngoEWV71Oqyea3KuA7juH2,2
huvi8R7H5jScwGlZ4K3LZJyJmNx2,2
uf9izF2QfCg17cWfAYB4lMsUGOR2,1
MNJ47HaU2PcrMZ6IhaZCtqO2Ujh1,2
xsfakdrRqmU9S7D6qj4pSSne8ub2,1
Fix0Pmr5XpUAUpXQSZAqJ4F0YUZ2,1
msQmDJsIJQYqzPU0oO5U6yGvR3E2,4
AGQ3thkJ6KZ4Wl4lDTGzOFQB6rq2,1
SOH3gSncKleg3JjyKgjTQnzfs4G3,4
FUU6c6GvyGVPUx4hXrAbHMydoJB2,5
DWUDjvQHDqUyCfolhaDRugxgyS02,7
rtCsulR50DgmrSHBS79tv4fAhk43,11
4XKHsTyeK8RRmcATpcOmdGSFyuT2,2
5qr0EDrZKGVTtMn6r9wVfZeep2g2,2
GAGoxTFPQbQ7JBeQV9M6PmyEtmB3,6
S2noe9UGQacYhr4sVHbqD4pLCZx1,5
RhRMl77FLwVqWPI5Tbkbu8RZ8E13,3
lKByVuOaPxdbBt2xfeK1F06yvQx1,2
wQIUw2ZAxDQD7AePKCquB4Og0Io1,2
s4D8dmdqDZdCHY8B60dapKe8ecA3,2
vjXhr3KHnmYzqQydiGeSoW5y8k22,3
tWwuNQhEnWSIJ8RULxmxePvpQQv1,3
9DL8qekmjYdG8d17ykzu8Xkb2sC3,2
gMM6l4CCKxRSEksfKBy6a9lPe083,2
59wx9zn9cVgSOtkCySdnkVuNieg2,3
9cy0JoU2GNSIc3eup5XfI0gixSk2,1
b7obuANyCuSUzfaJZoAo8Nq9oPu2,2
TuTFYW3QctM3GVO7po47TmIOSa42,5
sJUyVCg3m5d2Clu99tddIXH3NLq2,2
eiRIyF2Uu4QmpPpjQogHeyeEpd62,6
Ko52NhtlXTP0TY84igiqNlrFnQv1,3
n2bFJUJ6Xcalgati3YdxMI4VMFM2,2
rISJXOtMJnZOb9MZIzg1sSfARlx1,8
SuZtBZftbTgSh3Qus4T5wurDA5E3,2
iFypNMIuVEbg5raNtxwkoK1hg742,1
8IJh5a0ag7bfAmfO7UpezbldVFs2,1
OE7pshWv1Mc72InDaGPh4UlxTaP2,2
uwtAW83HCbYy7uDzPiR5fLqAZnm2,4
OwBYXBtHsHQYSebd5mEZagWZjIo1,13
tBloEjqhEhdWuTxfQ7tqCJmxzn83,2
ziq7FPOTFMXa5Uacn6AeVHHBeIj1,2
V0klsntazIfE3BTbhIIC2KMa1M82,3
8tnumxx916TQUAzUzhaIYZq696r1,2
Yj9T5BC21XVI7uA8Bi8HjHlGawU2,2
EjktYSzh1tfZ03alpqeYEmKcwAJ3,2
vUwwZNyxBsQfTu2AWxc9iwGUBfj2,5
WKpNFlRENzeWpqtImTTGcdhFdcY2,3
gcPmvXIS4dg0Wuul4AGYPylvprd2,3
98r9fUfaPucS5XdrRFhR4t7wAHo2,1
isZuxUV4qJawJMKhH68ORsNYQcj1,21
yLDbeuObwoTFr62v6lLzTPIQEMd2,2
WRgrJJ9cuxgQ38jIw2S5yL4eGv92,2
1zSVFh6BgzaYBbjLkZ4J49VBx6D3,2
VBvKqjQEYfZ3Q0crIKy3wvgyVkj1,3
9459vb43XHg6wLIIvrTsg1YzZCn2,4
lWx20vO4DaOIb0efbu8HxqXqcmR2,3
U78E0n3C6zYMRy6nfP3JVkioqlg2,2
nvUZlmJnsKWGBmhFMOYJsE6wkTh1,2
p6lHGhH1tgYGktBrO3EOwRQKOxA2,2
ip1zYPRVoiaSC9SahR32deXsfl03,2
DaNwWW7UNyaPwCbmdQbq7IYE3Vv2,1
sd2Yg5vCtFecfrhD4TnSRxzw3gA2,1
6feA9k7qnlPmUXeiaYUorzcb9xv2,1
hPCmiQoidgfK7UfC3dlFDRP3uvl1,4
vAzCPpc5PVgf2d7JPnUNa0qctLo1,1
5jo6fRnFmoTwainIRvPBmleY4GB2,2
1pEYiCZHrBWHcRTJ5rZJDbFXmig1,3
kHMsQLHtVWgsjcvpDmTJoCwEchD2,2
aB0G2GgrB9fsZ9Bz6Lw7xmN94tv2,2
Ronpy4cR23YoXljga2urL7VmCXM2,2
Y9lmgt4uD5Q8j3tlql7Yo1MiUYH2,3
kKXKt0WZlwWxuP5WVPAYTpNWQ7s1,2
oxvBc3gzGkdVNQMto6oh8nO3aPi1,2
PTwAkwvuYOefEXkgSgInHXE32FH2,1
ze5Qpn8AJJTUNPfNUuptLhT356a2,2
x89MkiNdLdak88nVmxLbSvvlwor1,2
28AUHLv01BUII1JmkUjseRTcDV23,2
6FjPDEsx1xXMSCCD2t7p3HvGKat2,2
t0CWRnfAvXTmAENlZCwzmm3BFwn1,1
FDiHZW4ziUXeMA2f96EsrAmd2sM2,3
T8cn5U9sTAhR5G8AMwnZE0ni66I3,3
gX2Fko4UQ4T40eY92L33RAYbjni2,3
smRdbSMjIgNiwcnzLwdyrFSSZKJ2,2
eSt9WaWzpph3CiXTD7AO5GQk19V2,8
pJUIttK55kOtC6PXVhthQ1ASI4i1,2
22bkR7jhbdbMLAOAxWxSECTxOUl2,5
TemXUD4T71UXt17QMLIsY6Gtra33,1
n4I74sYEjwPi3h6QDKdSAyIo39E3,3
vzVRUDMTQtc4fPIJqiOnEEMPwry1,2
EujA3o1dgPbuDi3Q47oKe02ZF4z1,2
tAd9DJqW0tUbKXMAUTqNA32UcGR2,3
huUwePMpfVdohpugHfa4qSP402O2,3
1EFDJzMfRWYkJ3nR6gGntOjc1UI2,2
KyxgbbmwCjZzZUnxDVfbGh7Ri3c2,1
S7aqJvFCkbPJK2yzjMkbLXmihTw1,4
oCOLIgxUXCSRDKcqpPNSGoZFfWG2,2
Us6ZpcDlNqWUd56DvXWZeI7YpJj2,20
rHghIuake5ev3yqYVPCXu3RBzTL2,2
tcvPEOwd69YDxkAkMMNJqPQxuXF2,3
ap3nQOV9mjWInB18C5A5aTMQzbj1,2
ffhU20hAPCWyHqHAh4ioVmlkjZO2,2
ICukkUWjZseFq9TJElUVptHl0ys1,3
X2a8tZu504UPVXqCGJ3XQJrlTZL2,3
bGPvvWdMKqhO43gXj91XzWT31nJ3,3
z7yHDABBoNOCZVUZ4iYTAdH70kn1,2
wBUzlBGzd3dkkpyBRWebnnpUjav1,2
s9QaWXQ9vcQFTyqrdpbOlhrN3Ao1,4
KWvO8HJWTqSa2rl05zLM8hnxpB62,3
9hlnUEtviCdWsWDq6xiv0DDlquo1,3
4jHKd5bbypTpgII5yFZPnPDkZrI2,2
NZMBxMcNpVOD8fxgjV2qrcp1Qx73,2
DSVSldfBPcZ8Nu0LV66APh2WxmE2,4
rGuehrMvjIb9xcSMnzdZhfW4sdE3,2
k9OSvXcJtqQXuBnfx1tIinhkQ3i2,2
cnDgqjIuc3SCmnv6gWJqjO0eGlm1,3
s8fw7DJ1doVRPKseCsWleW6YMXW2,2
M5LWNV63tFffcZ6f4qeB6cVKsz72,2
g2HBAMlAeWZ00YgwGtcXHAZ9UuB3,3
5Ar8mu1N38RTSPKCDHE2sqQthoF3,2
qC11ohG1jqcAPLUwrDGV8x9gi402,2
Si1DrS0sefOC7FbDNHZ000Dp6Y63,2
PxcXAt1uiKQW5mqy4kv5u6LKePu1,3
nMbOcUhbifeD2DUuxDjOnIUiW9C2,2
Pk74nEOZ2aRaa0rmu5IyHvNSoFg1,2
S3HPPX1zq9bpRdXNECCTeqQaRqc2,2
fbiR7ZbRBOYz7nZ8BTJgj0Ziurl2,5
Oz4SoIFnV6WOd5hwL0gyqpXSUHz1,3
zU0YhQuVJPWPP0q2uAwAINM0Gwq1,1
lxWslOqBHUYhodZfLLS1tE8olCr2,2
kHCSVKsQOHUJhlyZC6WqTiMuoJG2,6
vWMKp4h5LDRZwrBYElX2Qj0F52D3,1
yTcJOcCGvaZg0R0fMixSmVYUcjs2,5
MACibvsmQcNmwQYCQWhKETsUSqD3,1
9Mi4b4X57xQCgaqnj1QEv8WoNc32,2
qtduNeUOLFPXFZ8Q6zvICjUtCG23,2
akHSkoESacULRbJytBKGN0Q4Sco1,3
fiTWr96fPwhu5fQoWwn3xCuKNXA2,4
Mpij64thXaV2OPOdMHq5hXD4pTH2,2
n3JNkl638XebKhdigxS0NybF19d2,1
s1VBVTplTuMnT55ANFWfJLJtjxZ2,2
sOYmErKB2LXCVhtvQ0hSZDAy6p33,2
aAI7G6thhRcU9zARpvMiyBYpEW13,2
t9SAtDTeRGOPkHAoDVp7a5X8Xi02,2
CMssDZmH8COVC0EPOCaei0juUUs2,2
HAzoT9t0F5VGMnoiQSJW8aOoqf53,2
0ey6I66lxyLxCNqcsCergOSEBST2,4
0lGq9L5ehihonDfRJQPdNTlfcTi2,2
hPIgyj0G3rRfK3QHQgKiAfnyjMR2,5
2FoLjJWdSRNzyIIKBfP2PhwW0aD2,3
dkFfZfbE8vbkBvyXgIG4kjfo8um1,7
4rkSoefgVEgurxwteGMKJ5pgfqL2,2
0y92R6OfFbN8Uqzng3aFsUV1hAK2,2
hCO1oyVGSUaJtNKWu9rhnixR0et1,5
nUgrpRxbMreKJJAeXlpbFsAkE7G2,2
8wrPjPgQHQOw4mqzD5Xl06j9Zw82,3
t7B8LCmPApUfnAgab0uhp5P0B5J2,3
R9CxWVeeS9Picd2alhgmRpK7TH62,2
d7TlGHRWUaZdqj3yEwTOYMKJUiR2,2
CVoDOetY2rYBv6s1uA6jTAP0yrt1,2
st3iRnZeZGgZ6KhQj9T2EYPTBc83,3
NxXh81cKsYQ1gGOy4B4h2CxDBwe2,2
qPoWe81JMUXIJqc7DHz0hsCBAvy2,5
Gpb95HSFzngNo3KPs568bn2H7T82,4
b6zlSxYNRbPn4ZLIeQT6YRcngmD2,4
AvovWIW65CePyc9QsK784Mg12QV2,4
i93W12cJLZQ333SD7lOXaBNMlz53,3
niGl8w0bF6bOthA8pij46OXvy992,3
xWLV830gZdc5DNroqDpoBam6oif2,1
gjiPrlVXg7c17aV6vZLbwJVbOa23,86
0ezlENKru4ZWbFQyGJ58WVnYwXk1,3
i2JdtJzFUFYeeT9Ce82IrVVbwUa2,2
v2DEqXvwpPbFROa8GcprUKAtaDw1,2
EoZ6kjK3zFT8ZpIEtcYODrPZRoC3,2
639bMpe5N4XUGeshuK5GrLwchCo2,2
sbjnR5JAMcSDGQiIXkphmRHw3Tu1,4
g17jeLVBXWewRtWWq6a36Qid2Rf1,2
tCfM2Cz7lWStUPshNYe9EhJom6k2,2
JGp6c6h7crMuAyBwmjGfQAAyCo52,2
SrVDP8q6FZcEJ13HszHjg7pCeIF3,2
vInAO4EYs1RSkDWKSXwqYNhXw9C3,2
FdO5NOYsq7RJmExJTj3FlucXb8C2,3
pO4EBFzKN6a4piG61wZijsrEu922,2
mabQjlMMjvcrj0NHpTMNNzaO3O92,2
UXsaHt1MZGTe8swOvU22ty7bRBJ3,2
9ZF6MMIobCZkgshhqdTAkJKdEmp1,2
ozbpRyRlcYfNvuYNejWU5EFtV1t1,2
7FYLOC5aYWRONrGfKfHg6A2s1ND3,10
cU4722lcnPSwk2jtQ2nz16phqGA2,3
daICPaeJOcbGdXDGJiu1J9fsk7q1,6
ZhPljCzToVWFCg8lvrpPwYrrEdq2,2
A9crWGN2KvcntB7RZkpFKBzMkKB2,2
bO84LyozsxXJ4Yho55qilSTd2eC2,2
a3oQf9TZnkRi42uQX455k9sutls1,7
22r30g4LAzQd0TvHNBqPQWeFRSv2,3
cGM5MFFyXNgrhR3mlWSaeuTrzYz1,2
uQwDvWu1cpVhY1c4kMedGDD9U8y2,2
LctqjDmNuoRCuDCipsci7smxJJf1,3
MbpLztRQiaQKsWdgM3jQg1URXxE2,4
CCDO5NjNI2hhPQFZ9Yv4bCWw8Ik1,4
Sek5vwnA58OKTo6gEGLiP6BnIR93,1
kG3kSZGvJehbzypjdwB3DbS8Ens1,2
JrEWV9N3UfWIjRlpDhxN790m2ip2,2
yAC9w01eiIPbxLiZ4UBtvwilefR2,2
Xt4eoDLGylR853V4G9KaCKIjoow1,3
raFnbBHenDdjYuJpeNMjbTBKDdm1,2
mnbEfo4zxRMdBNnFuJVB9Hcqrdt2,2
TCU3y5M8IiVDWhUKLHDFuYtxwdi2,3
FJdIpua9gwPhli873KYpLyvKFhx1,2
bBDgItdgybUwWwLpE0bRWmCCAN73,2
uyJeRZYXwnZapEuXmRD90H7bHpn2,5
wMajC4eqhThpiDfejW0rWwJFCgk2,2
ILt5ajaezSZoYsSLIA0WNoSx2V42,2
RZXM7M1fwsY1MkMGsIZDlLyDynn2,1
GH6o6hs80AYwhypmnt8ecN6Igtt2,2
M84RoZTsBaSrMJYxi80ukrHdT0h2,2
dc51yQUHAxUbCl030mRdcOAsl3s2,2
9Y18hX3KuBVHuZFDyBKIbN3uI2H3,2
AnDF48a0i6YP2xsYvQTPPGAS3WQ2,1
eNw9f0OA7KRJqg64GTMEJkNQc7X2,5
vkij6nYM5mXkGGyWVMdNlR8jFXp1,6
4KxnvN14c6OpK1hG1oM98tCWlrR2,2
oUcYpM5RGzYbQHAuSbr1WSzRCP43,6
0sej2Z74nkWHyxLOkt09gpNvuEi1,7
wJtsgal7GGNUMBMnZhYMp0IGua52,2
ByUFlSYRYtcDQUz7QMMxluXp7Os1,6
r4aY9IdNfyfYGOaa32djz3W1tzT2,9
Gj3hpAeaKJffUc7gNymYSF0MZjj1,3
4jlqADJEjdTr6u0RHRjJaLxIYmv1,2
pUlfw2zgG8a6DXAQ6NGrAMlgT442,2
QZPdR2YfWVblGZVZeix357qQT5s2,2
w5lqGzGHXYPfOSTnuKrFN5Ytjno1,2
HN5A3setOydjV9OZOUKuAKtWvNY2,4
FwTWXJW5bMa6fitKJTkWOiipcgB3,4
D0X4dsCR9TYLtsBEINWeWaI9vTJ3,2
PB8f6Tf01NPBfI5mv7Dmmf4NIUy1,3
Pcbn12f5I7fe0BZseaz3MyRmydE2,2
9s7GeSV24HScxx1l6fo5G3lbM8C2,2
HkVq6VqF0ae3oEU0njebZwGSOpL2,2
tGqbmBfXJnhwgqmfKCAARlFtXi22,3
esGyQ0PDRTWLNQVUe18lOxas7bo2,4
JGmkVUeWa1Td16v7hT7cvlfoB8D3,2
uYo5MBH8ZZa1PAYcGrQFVX09JGI2,1
9nRFmGFOhkXcqaTn8RmxTjULR2I3,3
ywbkeMsNDSeS4IF0tWv0K7cobJ13,2
rkJgXMRjzec0SQRNMUzLxu2QJjp1,3
yXxuccO6hfUyN5AbNxTPu3FfgO83,7
PoM2DVzFpZO9UsfmxXqk6dSXSHq2,2
r32kAQH7LThU6zee82ZYVqubmYu1,2
3UuvT82fH8fDZZWJbRQfyd4r2Xe2,2
qabkBFCWiQMi1r6ikohW8l3g8ZD2,2
1w3hL6zLEuSkuJwalOGLpicoqu33,2
yBKfMvQPWaQIOUZsx4HiV3vF7H03,2
XObgpeEgwpTD1aHPpQbJgPwTRc52,7
Fgh3Ub7ncaQ7HB9quW8orpahPK92,2
xY9SgraApMWvFQq5RKcnrXDM4Qp1,2
bPWeDjYN9NSnWP1OV99U4ZdN7M32,1
brZJXzfY3xghywoDiWWJUqmz3d22,3
8WYlMNBtAOTfyqslRsS1HzLjJEw2,20
fBmTCQBJWUgZPLp7BBaNQUzo3oq2,4
wmTlNUwfCfcn1qZaVrH9a1GoWdY2,2
cSFYGy80lgVo6oQKX31L7ucoMSr2,2
IaKQvWb0taN5uzjUL0NIh9Gvk0p2,3
q2UhDNf0fWSaXLKRww81wShDhkp2,2
JUady6m3ROWaup2yUOvPxwG2Uzy1,3
2qucpCmt2LW5AtH4OTWj2KWHqPY2,2
5jI6uQs09tNo9FLbJvirNFfue4r2,1
XClfHrxLMHXtk3C25uGfkU8pXrj2,1
02eXj0ln2OVgjRYJoFk5RZYGJQB2,67
j0qPODZs0dSLrxW9GEkNKLk1MRI2,2
unph2mh75Mcwx6qLJ2esgucQRfX2,3
VkvOheltsxeAko1pXTH4IgbzGJF3,2
cVnhGIdQlbebfUfAjs833Fd7Smw2,2
t4lS101R1USSXeOFUn46QrOz5Jp1,2
sgCyJ5iKPyXI7fJTAGvTWo4qDRm1,1
2NUzE9HUx3TDRFcES3D6xsWwlyW2,1
ynuuKyJNcXXO9I6HopJqZqYa3IZ2,1
qf1UGDqsVtOJZclARBqtEiTgNXq2,12
ezRDF4xZlVdvrJYNUZLHRKt3LOB3,2